"Référence","Désignation","site dafy","site chaft","Prix H.T.","Prix T.T.C.","Réel","Réservé","Dispo","P","Cde four.","Casier","Fournisseur","Couleur","Marque","Taille","Réf Fournisseur","Code TVA","Condi.achat","Nomenclature.associée","Code barre","Remplacement","Année","Dernier achat","Dernière vente","Rayon","Sous-rayon","Catégorie","Prix achat bloqué","Prix vente bloqué","Sur internet"
"098452699901","CHAFT AD LEF02+LEE25 UL924","KO","https://www.chaft.fr/fr/nouveautes/1393-adaptateurs-lef02-lee25.html?search_query=ul924&results=1","225.00 Dh","270.00 Dh","000003","0.00","000003","","000000","","CHAFT","","CHAFT","","UL924","020.0 %","0.00","","0984526999010","","","7/10/2021","","Moto","ACCESSOIRES","LEVIERS","Oui","Oui",""
"098453199901","CHAFT AD LEF04+LEE03 UL929","KO","https://www.chaft.fr/fr/nouveautes/1433-adaptateurs-lef04-lee03.html?search_query=ul929&results=1","225.00 Dh","270.00 Dh","000004","0.00","000004","","000000","","CHAFT","","CHAFT","","UL929","020.0 %","0.00","","0984531999012","","","7/10/2021","","Moto","ACCESSOIRES","LEVIERS","Oui","Oui",""
"098453299901","CHAFT AD LEF04+LEE07 UL930","KO","https://www.chaft.fr/fr/nouveautes/1451-adaptateurs-lef04-lee07.html?search_query=ul930&results=1","225.00 Dh","270.00 Dh","000003","0.00","000003","","000000","","CHAFT","","CHAFT","","UL930","020.0 %","0.00","","0984532999011","","","7/10/2021","","Moto","ACCESSOIRES","LEVIERS","Oui","Oui",""
"098453399901","CHAFT AD LEF05+LEE08 UL931","KO","https://www.chaft.fr/fr/nouveautes/1369-adaptateurs-lef05-lee08.html?search_query=ul931&results=1","225.00 Dh","270.00 Dh","000004","0.00","000004","","000000","","CHAFT","","CHAFT","","UL931","020.0 %","0.00","","0984533999010","","","7/10/2021","","Moto","ACCESSOIRES","LEVIERS","Oui","Oui",""
"098453599901","CHAFT AD LEF07+LEE11 UL933","KO","https://www.chaft.fr/fr/nouveautes/1445-adaptateurs-lef07-lee11.html?search_query=ul933&results=1","225.00 Dh","270.00 Dh","000005","0.00","000005","","000000","","CHAFT","","CHAFT","","UL933","020.0 %","0.00","","0984535999018","","","7/10/2021","","Moto","ACCESSOIRES","LEVIERS","Oui","Oui",""
"098456699901","CHAFT AD LEF19+LEE23 UL965","KO","https://www.chaft.fr/fr/nouveautes/1410-adaptateurs-lef19-lee23.html?search_query=ul965&results=1","225.00 Dh","270.00 Dh","000003","0.00","000003","","000000","","CHAFT","","CHAFT","","UL965","020.0 %","0.00","","0984566999018","","","7/10/2021","","Moto","ACCESSOIRES","LEVIERS","Oui","Oui",""
"098456999901","CHAFT AD LEF20+LEE02 UL968","KO","https://www.chaft.fr/fr/nouveautes/1386-adaptateurs-lef20-lee02.html?search_query=ul968&results=1","225.00 Dh","270.00 Dh","000010","0.00","000010","","000000","","CHAFT","","CHAFT","","UL968","020.0 %","0.00","","0984569999015","","","7/10/2021","","Moto","ACCESSOIRES","LEVIERS","Oui","Oui",""
"098458399901","CHAFT AD LEF26+LEE34 UL982","KO","https://www.chaft.fr/fr/nouveautes/1463-adaptateurs-lef26-lee34.html?search_query=ul982&results=1","225.00 Dh","270.00 Dh","000002","0.00","000002","","000000","","CHAFT","","CHAFT","","UL982","020.0 %","0.00","","0984583999015","","","7/10/2021","","Moto","ACCESSOIRES","LEVIERS","Oui","Oui",""
"098446499901","CHAFT ADAPT LEV EMB LEE02N","KO","https://www.chaft.fr/fr/nouveautes/1380-adaptateur-de-levier-dembrayage-02-3701177271022.html","150.00 Dh","180.00 Dh","000003","0.00","000003","","000000","","CHAFT","","CHAFT","","LEE02N","020.0 %","0.00","","3701177271022","","","7/10/2021","","Moto","ACCESSOIRES","LEVIERS","Oui","Oui",""
"098446699901","CHAFT ADAPT LEV EMB LEE07N","KO","https://www.chaft.fr/fr/nouveautes/1446-adaptateur-de-levier-dembrayage-07-3701177271077.html?search_query=lee07n&results=1","150.00 Dh","180.00 Dh","000003","0.00","000003","","000000","","CHAFT","","CHAFT","","LEE07N","020.0 %","0.00","","3701177271077","","","7/10/2021","","Moto","ACCESSOIRES","LEVIERS","Oui","Oui",""
"098446899901","CHAFT ADAPT LEV EMB LEE09N","KO","https://www.chaft.fr/fr/nouveautes/1409-adaptateur-de-levier-dembrayage-09-3701177271091.html?search_query=lee09n&results=1","150.00 Dh","180.00 Dh","000001","0.00","000001","","000000","","CHAFT","","CHAFT","","LEE09N","020.0 %","0.00","","3701177271091","","","7/10/2021","","Moto","ACCESSOIRES","LEVIERS","Oui","Oui",""
"098446999901","CHAFT ADAPT LEV EMB LEE10N","KO","https://www.chaft.fr/fr/nouveautes/1432-adaptateur-de-levier-dembrayage-10-3701177271107.html?search_query=lee10n&results=1","150.00 Dh","180.00 Dh","000002","0.00","000002","","000000","","CHAFT","","CHAFT","","LEE10N","020.0 %","0.00","","3701177271107","","","7/10/2021","","Moto","ACCESSOIRES","LEVIERS","Oui","Oui",""
"098447099901","CHAFT ADAPT LEV EMB LEE11N","KO","https://www.chaft.fr/fr/nouveautes/1402-adaptateur-de-levier-dembrayage-11-3701177271114.html?search_query=lee11n&results=1","150.00 Dh","180.00 Dh","000010","0.00","000010","","000000","","CHAFT","","CHAFT","","LEE11N","020.0 %","0.00","","3701177271114","","","7/10/2021","","Moto","ACCESSOIRES","LEVIERS","Oui","Oui",""
"098447399901","CHAFT ADAPT LEV EMB LEE14N","KO","https://www.chaft.fr/fr/nouveautes/1419-adaptateur-de-levier-dembrayage-14-3701177271145.html?search_query=lee14n&results=1","150.00 Dh","180.00 Dh","000002","0.00","000002","","000000","","CHAFT","","CHAFT","","LEE14N","020.0 %","0.00","","3701177271145","","","7/10/2021","","Moto","ACCESSOIRES","LEVIERS","Oui","Oui",""
"098448099901","CHAFT ADAPT LEV EMB LEE21N","KO","https://www.chaft.fr/fr/nouveautes/1381-adaptateur-de-levier-dembrayage-21-3701177271213.html?search_query=lee21n&results=1","150.00 Dh","180.00 Dh","000003","0.00","000003","","000000","","CHAFT","","CHAFT","","LEE21N","020.0 %","0.00","","3701177271213","","","7/10/2021","","Moto","ACCESSOIRES","LEVIERS","Oui","Oui",""
"098448399901","CHAFT ADAPT LEV EMB LEE25N","KO","https://www.chaft.fr/fr/nouveautes/1370-adaptateur-de-levier-dembrayage-25-3701177271251.html?search_query=lee25n&results=1","150.00 Dh","180.00 Dh","000010","0.00","000010","","000000","","CHAFT","","CHAFT","","LEE25N","020.0 %","0.00","","3701177271251","","","7/10/2021","","Moto","ACCESSOIRES","LEVIERS","Oui","Oui",""
"098448499901","CHAFT ADAPT LEV EMB LEE26N","KO","https://www.chaft.fr/fr/nouveautes/1421-adaptateur-de-levier-dembrayage-26-3701177271268.html?search_query=lee26n&results=1","150.00 Dh","180.00 Dh","000004","0.00","000004","","000000","","CHAFT","","CHAFT","","LEE26N","020.0 %","0.00","","3701177271268","","","7/10/2021","","Moto","ACCESSOIRES","LEVIERS","Oui","Oui",""
"098448699901","CHAFT ADAPT LEV EMB LEE28N","KO","https://www.chaft.fr/fr/nouveautes/1367-adaptateur-de-levier-dembrayage-28-3701177271282.html?search_query=lee28n&results=1","150.00 Dh","180.00 Dh","000003","0.00","000003","","000000","","CHAFT","","CHAFT","","LEE28N","020.0 %","0.00","","3701177271282","","","7/10/2021","","Moto","ACCESSOIRES","LEVIERS","Oui","Oui",""
"098448799901","CHAFT ADAPT LEV EMB LEE29N","KO","https://www.chaft.fr/fr/nouveautes/1407-adaptateur-de-levier-dembrayage-29-3701177271299.html?search_query=lee29n&results=1","150.00 Dh","180.00 Dh","000008","0.00","000008","","000000","","CHAFT","","CHAFT","","LEE29N","020.0 %","0.00","","3701177271299","","","7/10/2021","","Moto","ACCESSOIRES","LEVIERS","Oui","Oui",""
"098449199901","CHAFT ADAPT LEV EMB LEE33N","KO","https://www.chaft.fr/fr/nouveautes/1378-adaptateur-de-levier-dembrayage-33-3701177271336.html?search_query=lee33n&results=1","150.00 Dh","180.00 Dh","000003","0.00","000003","","000000","","CHAFT","","CHAFT","","LEE33N","020.0 %","0.00","","3701177271336","","","7/10/2021","","Moto","ACCESSOIRES","LEVIERS","Oui","Oui",""
"098449299901","CHAFT ADAPT LEV EMB LEE34N","KO","https://www.chaft.fr/fr/nouveautes/1351-adaptateur-de-levier-dembrayage-34-3701177271343.html?search_query=lee34n&results=1","150.00 Dh","180.00 Dh","000017","0.00","000017","","000000","","CHAFT","","CHAFT","","LEE34N","020.0 %","0.00","","3701177271343","","","7/10/2021","","Moto","ACCESSOIRES","LEVIERS","Oui","Oui",""
"098449399901","CHAFT ADAPT LEV EMB LEE35N","KO","https://www.chaft.fr/fr/nouveautes/1403-adaptateur-de-levier-dembrayage-35-3701177271350.html?search_query=lee35n&results=1","150.00 Dh","180.00 Dh","000003","0.00","000003","","000000","","CHAFT","","CHAFT","","LEE35N","020.0 %","0.00","","3701177271350","","","7/10/2021","","Moto","ACCESSOIRES","LEVIERS","Oui","Oui",""
"098449799901","CHAFT ADAPT LEV FR LEF02N","KO","https://www.chaft.fr/fr/nouveautes/1353-adaptateur-de-levier-de-frein-02-3701177272029.html?search_query=lef02n&results=1","150.00 Dh","180.00 Dh","000010","0.00","000010","","000000","","CHAFT","","CHAFT","","LEF02N","020.0 %","0.00","","3701177272029","","","7/10/2021","","Moto","ACCESSOIRES","LEVIERS","Oui","Oui",""
"098449999901","CHAFT ADAPT LEV FR LEF04N","KO","https://www.chaft.fr/fr/nouveautes/1347-adaptateur-de-levier-de-frein-04-3701177272043.html?search_query=lef04n&results=1","150.00 Dh","180.00 Dh","000008","0.00","000008","","000000","","CHAFT","","CHAFT","","LEF04N","020.0 %","0.00","","3701177272043","","","7/10/2021","","Moto","ACCESSOIRES","LEVIERS","Oui","Oui",""
"098450199901","CHAFT ADAPT LEV FR LEF06N","KO","https://www.chaft.fr/fr/nouveautes/1415-adaptateur-de-levier-de-frein-06-3701177272067.html?search_query=lef06n&results=1","150.00 Dh","180.00 Dh","000003","0.00","000003","","000000","","CHAFT","","CHAFT","","LEF06N","020.0 %","0.00","","3701177272067","","","7/10/2021","","Moto","ACCESSOIRES","LEVIERS","Oui","Oui",""
"098450299901","CHAFT ADAPT LEV FR LEF07N","KO","https://www.chaft.fr/fr/nouveautes/1358-adaptateur-de-levier-de-frein-07-3701177272074.html?search_query=lef07n&results=1","150.00 Dh","180.00 Dh","000007","0.00","000007","","000000","","CHAFT","","CHAFT","","LEF07N","020.0 %","0.00","","3701177272074","","","7/10/2021","","Moto","ACCESSOIRES","LEVIERS","Oui","Oui",""
"098450699901","CHAFT ADAPT LEV FR LEF14N","KO","https://www.chaft.fr/fr/nouveautes/1394-adaptateur-de-levier-de-frein-14-3701177272142.html?search_query=lef14n&results=1","150.00 Dh","180.00 Dh","000002","0.00","000002","","000000","","CHAFT","","CHAFT","","LEF14N","020.0 %","0.00","","3701177272142","","","7/10/2021","","Moto","ACCESSOIRES","LEVIERS","Oui","Oui",""
"098451199901","CHAFT ADAPT LEV FR LEF19N","KO","https://www.chaft.fr/fr/nouveautes/1400-adaptateur-de-levier-de-frein-19-3701177272197.html?search_query=lef19n&results=1","150.00 Dh","180.00 Dh","000010","0.00","000010","","000000","","CHAFT","","CHAFT","","LEF19N","020.0 %","0.00","","3701177272197","","","7/10/2021","","Moto","ACCESSOIRES","LEVIERS","Oui","Oui",""
"098451299901","CHAFT ADAPT LEV FR LEF20N","KO","https://www.chaft.fr/fr/nouveautes/1382-adaptateur-de-levier-de-frein-20-3701177272203.html?search_query=lef20n&results=1","150.00 Dh","180.00 Dh","000010","0.00","000010","","000000","","CHAFT","","CHAFT","","LEF20N","020.0 %","0.00","","3701177272203","","","7/10/2021","","Moto","ACCESSOIRES","LEVIERS","Oui","Oui",""
"098451899901","CHAFT ADAPT LEV FR LEF26N","KO","https://www.chaft.fr/fr/nouveautes/1377-adaptateur-de-levier-de-frein-26-3701177272265.html?search_query=lef26n&results=1","150.00 Dh","180.00 Dh","000003","0.00","000003","","000000","","CHAFT","","CHAFT","","LEF26N","020.0 %","0.00","","3701177272265","","","7/10/2021","","Moto","ACCESSOIRES","LEVIERS","Oui","Oui",""
"280235299901","CHAFT BANDES THERM IN229","https://www.dafy-moto.com/bande-thermique-pot-dechappement-15m-chaft-noir.html","https://www.chaft.fr/fr/accessoires/574-bandes-thermiques-15m-3700355952296.html?search_query=BANDE+THERMIQUE&results=1#/11-couleur-noir","291.67 Dh","350.00 Dh","000006","0.00","000006","","000000","","CHAFT","","CHAFT","","IN229","020.0 %","0.00","","3700355952296","","","7/10/2021","","Moto","ECHAPPEMENTS","ECHAPPEMENTS DIV+ACC","Oui","Oui",""
"602020699901","CHAFT BANDES THERMIQ IN296","https://www.dafy-moto.com/bande-thermique-pot-dechappement-15m-chaft-titane.html","https://www.chaft.fr/fr/accessoires/574-bandes-thermiques-15m-3700355952296.html?search_query=BANDE+THERMIQUE&results=1#/53-couleur-titane","291.67 Dh","350.00 Dh","000006","0.00","000006","","000000","","CHAFT","","CHAFT","","IN296","020.0 %","0.00","","3700355952968","","","7/10/2021","","Moto","ENTRETIEN","OUTILLAGE","Oui","Oui",""
"096170200101","CHAFT BEQ ASTUCIEUSE IN1995","KO","https://www.chaft.fr/fr/atelier/1296-bequille-astucieuse-3701177239954.html?search_query=bequille+astucieuse&results=1","241.67 Dh","290.00 Dh","000015","0.00","000015","","000000","","CHAFT","","CHAFT","","IN1995","020.0 %","0.00","","3701177239954","","","7/10/2021","","Moto","ACCESSOIRES","BEQUILLES et ACCESS","Oui","Oui",""
"602031199901","CHAFT BLOQUE ROUE IN1998","https://www.dafy-moto.com/bloque-roues-chaft.html","https://www.chaft.fr/fr/atelier/1303-bloque-roue-3701177239985.html?search_query=in1998&results=1","925.00 Dh","1,110.00 Dh","000003","0.00","000003","","000000","","CHAFT","","CHAFT","","IN1998","020.0 %","0.00","","3701177239985","","","7/10/2021","","Moto","ENTRETIEN","OUTILLAGE","Oui","Oui",""
"390175099901","CHAFT CEINT LOMBAIRE","KO","https://www.chaft.fr/fr/accessoires-protection/690-ceinture-lombaire-3700355921018.html","408.33 Dh","490.00 Dh","000005","0.00","000005","","000000","","CHAFT","NOIR","CHAFT","","BA101","020.0 %","0.00","","3700355921018","","","7/10/2021","","Pilote","ACCESSOIRES PILOTE","DIVERS ACCESSOIRES PILOTE","Oui","Oui",""
"611012399901","CHAFT CLIGL ENIGMA IN1124","https://www.dafy-moto.com/clignotant-a-led-sequentiels-multi-fonctions-enigma-chaft-noir-fume.html","https://www.chaft.fr/fr/a-led-sequentiel/1144-clignotants-a-led-sequentiel-multifonction-enigma-3701177231248.html?search_query=in1124&results=1#/61-emplacement-arriere","391.67 Dh","470.00 Dh","000011","0.00","000011","","000000","","CHAFT","","CHAFT","","IN1124","020.0 %","0.00","","3701177231248","","","7/10/2021","","Moto","ACCESSOIRES","FEUX ET CLIGNOTANTS","Oui","Oui",""
"611019199901","CHAFT CLIGL ENIGMA IN1125","https://www.dafy-moto.com/clignotant-a-led-sequentiels-multi-fonctions-enigma-chaft-noir-fume.html","https://www.chaft.fr/fr/a-led-sequentiel/1144-clignotants-a-led-sequentiel-multifonction-enigma-3701177231248.html?search_query=in1124&results=1#/60-emplacement-avant","391.67 Dh","470.00 Dh","000021","0.00","000021","","000000","","CHAFT","","CHAFT","","IN1125","020.0 %","0.00","","3701177231255","","","7/10/2021","","Moto","ACCESSOIRES","FEUX ET CLIGNOTANTS","Oui","Oui",""
"110225599901","CHAFT CONNECTIQUE 3F S/","https://www.dafy-moto.com/connectiques-3-fils-suzuki-yamaha-chaft.html","https://www.chaft.fr/fr/connectiques-accessoires/1059-connectique-3-fils-suzukiyamaha-3700355958748.html?search_query=in874&results=1","83.33 Dh","100.00 Dh","000003","0.00","000003","","000000","","CHAFT","","CHAFT","","IN874","020.0 %","0.00","","3700355958748","","","7/10/2021","","Moto","ACCESSOIRES ELECTRIQUES","DIVERS ACCES.ELECTRIQUES","Oui","Oui",""
"D30L","CHAFT DORSALE D30 NIVEAU 2 RICHA L","KO","https://www.chaft.fr/fr/nouveautes/1239-dorsale-d3o-niveau-2-richa.html?search_query=dorsale&results=16#/3-taille-l","408.33 Dh","490.00 Dh","000020","0.00","000020","","000000","","CHAFT","ORANGE","CHAFT","L","D30L","020.0 %","0.00","","D30L","","","7/10/2021","","Moto","ACCESSOIRES","ACCESSOIRES DIVERS MOTOS/AUTO","Oui","Oui",""
"D30M","CHAFT DORSALE D30 NIVEAU 2 RICHA M","KO","https://www.chaft.fr/fr/nouveautes/1239-dorsale-d3o-niveau-2-richa.html?search_query=dorsale&results=16#/2-taille-m","408.33 Dh","490.00 Dh","000050","0.00","000050","","000000","","CHAFT","ORANGE","CHAFT","M","D30M","020.0 %","0.00","","D30M","","","7/10/2021","","Moto","ACCESSOIRES","ACCESSOIRES DIVERS MOTOS/AUTO","Oui","Oui",""
"114127100101","CHAFT ECLAIR PLQ IN765","https://www.dafy-moto.com/eclairage-plaque-adhesif-chaft.html","https://www.chaft.fr/fr/connectiques-accessoires/1011-eclairage-de-plaque-adhesif-3700355957659.html?search_query=in765&results=1","108.33 Dh","130.00 Dh","000005","0.00","000005","","000000","","CHAFT","","CHAFT","","IN765","020.0 %","0.00","","3700355957659","","","7/10/2021","","Moto","ACCESSOIRES ELECTRIQUES","FEUX ET CLIGNOTANTS","Oui","Oui",""
"IN628","CHAFT EMBOUT DE GUIDON NASH BLEU","KO","https://www.chaft.fr/fr/embout-de-guidon/456-embout-de-guidon-nash.html?search_query=in628&results=1","283.33 Dh","340.00 Dh","000010","0.00","000010","","000000","","CHAFT","BLEU","CHAFT","","IN628","020.0 %","0.00","","3700355956287","","","7/10/2021","","Moto","ACCESSOIRES","ACCESSOIRES DIVERS MOTOS/AUTO","Oui","Oui",""
"020281900101","CHAFT FILET CASQUE IN93","KO","https://www.chaft.fr/fr/lunettes-accessoires/460-filets-de-casque-3700355950933.html?search_query=in93&results=5","66.67 Dh","80.00 Dh","000015","0.00","000015","","000000","","CHAFT","","CHAFT","","IN93","020.0 %","0.00","","3700355950933","","","7/10/2021","","Pilote","CASQUES","DIVERS ACCESS.CASQUES-LUN","Oui","Oui",""
"IN372","CHAFT FILETS DE JANTE BLEU REFLECHISSANT AVEC APPL","KO","https://www.chaft.fr/fr/filet-de-jantes/610-filets-de-jantes-avec-applicateur.html?search_query=in372&results=1#/127-couleur-bleu_reflechissant","158.33 Dh","190.00 Dh","000004","0.00","000004","","000000","","CHAFT","BLEU","CHAFT","","IN372","020.0 %","0.00","","3700355953729","","","7/10/2021","","Moto","ACCESSOIRES","ACCESSOIRES DIVERS MOTOS/AUTO","Oui","Oui",""
"IN379","CHAFT FILETS DE JANTE CLASSIC DORÉ","KO","https://www.chaft.fr/fr/filet-de-jantes/610-filets-de-jantes-avec-applicateur.html?search_query=in372&results=1#/49-couleur-dore","158.33 Dh","190.00 Dh","000004","0.00","000004","","000000","","CHAFT","DORÉ","CHAFT","","IN379","020.0 %","0.00","","3700355953798","","","7/10/2021","","Moto","ACCESSOIRES","ACCESSOIRES DIVERS MOTOS/AUTO","Oui","Oui",""
"IN373","CHAFT FILETS DE JANTE JAUNE FLUO AVEC APPLICATEUR","KO","https://www.chaft.fr/fr/filet-de-jantes/610-filets-de-jantes-avec-applicateur.html?search_query=in372&results=1#/125-couleur-jaune_fluo","158.33 Dh","190.00 Dh","000004","0.00","000004","","000000","","CHAFT","JAUNE FLUO","CHAFT","","IN373","020.0 %","0.00","","3700355953736","","","7/10/2021","","Moto","ACCESSOIRES","ACCESSOIRES DIVERS MOTOS/AUTO","Oui","Oui",""
"IN374","CHAFT FILETS DE JANTE ORANGE FLUO AVEC APPLICATEUR","KO","https://www.chaft.fr/fr/filet-de-jantes/610-filets-de-jantes-avec-applicateur.html?search_query=in372&results=1#/128-couleur-orange_fluo","158.33 Dh","190.00 Dh","000004","0.00","000004","","000000","","CHAFT","ORANGE FLUO","CHAFT","","IN374","020.0 %","0.00","","3700355953743","","","7/10/2021","","Moto","ACCESSOIRES","ACCESSOIRES DIVERS MOTOS/AUTO","Oui","Oui",""
"IN375","CHAFT FILETS DE JANTE VERT FLUO AVEC APPLICATEUR","KO","https://www.chaft.fr/fr/filet-de-jantes/610-filets-de-jantes-avec-applicateur.html?search_query=in372&results=1#/129-couleur-vert_fluo","158.33 Dh","190.00 Dh","000004","0.00","000004","","000000","","CHAFT","VERT FLUO","CHAFT","","IN375","020.0 %","0.00","","3700355953750","","","7/10/2021","","Moto","ACCESSOIRES","ACCESSOIRES DIVERS MOTOS/AUTO","Oui","Oui",""
"091366599901","CHAFT FULL UP HONDA IN811","https://www.dafy-moto.com/adaptateur-clignotant-full-up-honda-in811-chaft-noir.html","https://www.chaft.fr/fr/connectiques-accessoires/724-full-up-honda-3700355958113.html?search_query=in811&results=1","58.33 Dh","70.00 Dh","000005","0.00","000005","","000000","","CHAFT","","CHAFT","","IN811","020.0 %","0.00","","3700355958113","","","7/10/2021","","Moto","ACCESSOIRES","PIECES MEC/TECH DIVERSES","Oui","Oui",""
"091681699901","CHAFT FULL UP KAWA IN812","https://www.dafy-moto.com/adaptateur-clignotant-full-up-kawasaki-in812-chaft-noir.html","https://www.chaft.fr/fr/connectiques-accessoires/743-full-up-kawasaki-3700355958120.html?search_query=in812&results=1","58.33 Dh","70.00 Dh","000005","0.00","000005","","000000","","CHAFT","","CHAFT","","IN812","020.0 %","0.00","","3700355958120","","","7/10/2021","","Moto","ACCESSOIRES","PIECES MEC/TECH DIVERSES","Oui","Oui",""
"110197499901","CHAFT KIT GRAND LED IN561","KO","https://www.chaft.fr/fr/connectiques-accessoires/453-kit-grand-avec-led-3700355955617.html?search_query=in561&results=1","308.33 Dh","370.00 Dh","000002","0.00","000002","","000000","","CHAFT","","CHAFT","","IN561","020.0 %","0.00","","3700355955617","","","7/10/2021","","Moto","ACCESSOIRES ELECTRIQUES","DIVERS ACCES.ELECTRIQUES","Oui","Oui",""
"098452199901","CHAFT LEV EMB+FR V LEV04","KO","https://www.chaft.fr/fr/nouveautes/1345-levier-dembrayage-frein.html?search_query=lev04&results=1#/15-couleur-vert","575.00 Dh","690.00 Dh","000008","0.00","000008","","000000","","CHAFT","VERT","CHAFT","","LEV04","020.0 %","0.00","","3701177270049","","","7/10/2021","","Moto","ACCESSOIRES","LEVIERS","Oui","Oui",""
"027399099901","CHAFT LUN RUNNER","KO","https://www.chaft.fr/fr/lunettes-accessoires/1191-lunettes-runner-3701177222024.html?search_query=runner&results=1","166.67 Dh","200.00 Dh","000003","0.00","000003","","000000","","CHAFT","","CHAFT","","LU202","020.0 %","0.00","","3701177222024","","","7/10/2021","","Pilote","CASQUES","LUNETTES","Oui","Oui",""
"103142799901","CHAFT MINI U HOM HARDEN DIAM 14.5","KO","https://www.chaft.fr/fr/antivol-homologue/1156-mini-u-homologue-harden-diam-16-3700355913037.html?search_query=av303&results=1","575.00 Dh","690.00 Dh","000005","0.00","000005","","000000","","CHAFT","","CHAFT","","AV303","020.0 %","0.00","","3700355913037","","","7/10/2021","","Moto","ANTIVOLS","ANTIVOLS U","Oui","Oui",""
"114248909201","CHAFT PHARE GLAM IN847","KO","https://www.chaft.fr/fr/phare/892-phare-glam.html?search_query=in847&results=1","1,158.33 Dh","1,390.00 Dh","000002","0.00","000002","","000000","","CHAFT","","CHAFT","","IN847","020.0 %","0.00","","3700355958472","","","7/10/2021","","Moto","ACCESSOIRES ELECTRIQUES","FEUX ET CLIGNOTANTS","Oui","Oui",""
"050138399901","CHAFT PROT CHAUSSURESNE","https://www.dafy-moto.com/proteges-chaussure-neoprene-chaft-noir.html","https://www.chaft.fr/fr/accessoires-protection/1176-protege-chaussures-neoprene-3700355950780.html?search_query=in78&results=6","108.33 Dh","130.00 Dh","000012","0.00","000012","","000000","","CHAFT","","CHAFT","","IN78","020.0 %","0.00","","3700355950780","","","7/10/2021","","Pilote","BOTTES","DIVERS BOTTES ET ACCESS.","Oui","Oui",""
"602029099901","CHAFT PU02 COMPRESSEUR","https://www.dafy-moto.com/compresseur-sans-fil-autonome-chaft.html","https://www.chaft.fr/fr/nouveautes/1237-compresseur-sans-fil-autonome-3700355900204.html?search_query=pu02&results=1","825.00 Dh","990.00 Dh","000010","0.00","000010","","000000","","CHAFT","","CHAFT","","PU02","020.0 %","0.00","","3700355900204","","","7/10/2021","","Moto","ENTRETIEN","OUTILLAGE","Oui","Oui",""
"097286299901","CHAFT RETRO TILT IN1033","https://www.dafy-moto.com/retroviseur-tilt-pas-de-8-et-10-mm-chaft-noir.html","https://www.chaft.fr/fr/non-homologue/1179-retroviseur-tilt-la-paire-3701177230333.html?search_query=in1033&results=1","391.67 Dh","470.00 Dh","000003","0.00","000003","","000000","","CHAFT","","CHAFT","","IN1033","020.0 %","0.00","","3701177230333","","","7/10/2021","","Moto","ACCESSOIRES","RETROVISEURS ET ACCESS","Oui","Oui",""
"602020199901","CHAFT SANGLES IN90","KO","https://www.chaft.fr/fr/accessoires/1165-sangles-3700355950902.html?search_query=in90&results=5","183.33 Dh","220.00 Dh","000020","0.00","000020","","000000","","CHAFT","","CHAFT","","IN90","020.0 %","0.00","","3700355950902","","","7/10/2021","","Moto","ENTRETIEN","OUTILLAGE","Oui","Oui",""
"605001199901","CHAFT SCPOWER SCZ15 CHARGEUR","KO","https://www.chaft.fr/fr/outillage/1299-batterie-intelligente-scpower-1-5-a-4-5a.html?search_query=scz15&results=1","491.67 Dh","590.00 Dh","000005","0.00","000005","","000000","","CHAFT","","CHAFT","","SCZ15","020.0 %","0.00","","3760250920240","","","7/10/2021","","Moto","ENTRETIEN","CHARGEUR BATTERIE","Oui","Oui",""
"090597499901","CHAFT SDP UL133","KO","https://www.chaft.fr/fr/support-de-plaque/1064-support-de-plaque-mt09-2017-2018-3700355901331.html?search_query=ul133&results=1","1,591.67 Dh","1,910.00 Dh","000001","0.00","000001","","000000","","CHAFT","","CHAFT","","UL133","020.0 %","0.00","","3700355901331","","","7/10/2021","","Moto","ACCESSOIRES","PIECES MEC/TECH DIVERSES","Oui","Oui",""
"090664499901","CHAFT SDP UL281","KO","https://www.chaft.fr/fr/nouveautes/1474-support-de-plaque-x-adv-2017-2020-3700355902819.html?search_query=ul281&results=1","2,241.67 Dh","2,690.00 Dh","000005","0.00","000005","","000000","","CHAFT","","CHAFT","","UL281","020.0 %","0.00","","3700355902819","","","7/10/2021","","Moto","ACCESSOIRES","PIECES MEC/TECH DIVERSES","Oui","Oui",""
"090621399901","CHAFT SDP UL342","KO","https://www.chaft.fr/fr/support-de-plaque/1223-support-de-plaque-zx6r-636-2018-2019.html?search_query=ul342&results=1","908.33 Dh","1,090.00 Dh","000003","0.00","000003","","000000","","CHAFT","","CHAFT","","UL342","020.0 %","0.00","","3700355903427","","","7/10/2021","","Moto","ACCESSOIRES","PIECES MEC/TECH DIVERSES","Oui","Oui",""
"090599799901","CHAFT SDP UL372","KO","https://www.chaft.fr/fr/support-de-plaque/1133-support-de-plaque-z900-rs-2018-3700355903724.html?search_query=ul372&results=1","1,075.00 Dh","1,290.00 Dh","000003","0.00","000003","","000000","","CHAFT","","CHAFT","","UL372","020.0 %","0.00","","3700355903724","","","7/10/2021","","Moto","ACCESSOIRES","PIECES MEC/TECH DIVERSES","Oui","Oui",""
"090597699901","CHAFT SDP UL421","KO","https://www.chaft.fr/fr/support-de-plaque/720-support-de-plaque-gsx-s-750-2017-gsx-s-1000-gsx-s-1000f-2015-2017-3700355904219.html?search_query=ul421&results=1","991.67 Dh","1,190.00 Dh","000003","0.00","000003","","000000","","CHAFT","","CHAFT","","UL421","020.0 %","0.00","","3700355904219","","","7/10/2021","","Moto","ACCESSOIRES","PIECES MEC/TECH DIVERSES","Oui","Oui",""
"090524599901","CHAFT SDP UL452","KO","https://www.chaft.fr/fr/support-de-plaque/756-support-de-plaque-sv-650-3700355904523.html?search_query=ul452&results=1","741.67 Dh","890.00 Dh","000001","0.00","000001","","000000","","CHAFT","","CHAFT","","UL452","020.0 %","0.00","","3700355904523","","","7/10/2021","","Moto","ACCESSOIRES","PIECES MEC/TECH DIVERSES","Oui","Oui",""
"090597899901","CHAFT SDP UL621","KO","https://www.chaft.fr/fr/support-de-plaque/1004-support-de-plaque-triumph-street-twin-900-street-cup-2016-2017-3700355906213.html?search_query=ul621&results=1","741.67 Dh","890.00 Dh","000001","0.00","000001","","000000","","CHAFT","","CHAFT","","UL621","020.0 %","0.00","","3700355906213","","","7/10/2021","","Moto","ACCESSOIRES","PIECES MEC/TECH DIVERSES","Oui","Oui",""
"100111003801","CHAFT SERPENTIN SCOOBI AV01","KO","https://www.chaft.fr/fr/antivol-non-homologue/979-serpentin-scoobi-3700355911019.html?search_query=av101&results=1","57.50 Dh","69.00 Dh","000020","0.00","000020","","000000","","CHAFT","","CHAFT","","AV101","020.0 %","0.00","","3700355911019","","","7/10/2021","","Moto","ANTIVOLS","DIVERS ANTIVOLS ET ACCESS","Oui","Oui",""
"IN310","CHAFT SHELL PLASTRON COMPLET JUNIOR S IN310","KO","https://www.chaft.fr/fr/plastron/642-shell-plastron-complet-junior.html?search_query=in310&results=1","1,325.00 Dh","1,590.00 Dh","000005","0.00","000005","","000000","","CHAFT","NOIR,GRIS","CHAFT","S","IN310","020.0 %","0.00","","3700355953101","","","7/10/2021","","Moto","ACCESSOIRES","ACCESSOIRES DIVERS MOTOS/AUTO","Oui","Oui",""
"IN302","CHAFT SHELL PLASTRON COMPLET L IN302","KO","https://www.chaft.fr/fr/plastron/633-shell-plastron-complet.html?search_query=in302&results=1","1,491.67 Dh","1,790.00 Dh","000010","0.00","000010","","000000","","CHAFT","NOIR,GRIS","CHAFT","L","IN302","020.0 %","0.00","","3700355953026","","","7/10/2021","","Moto","ACCESSOIRES","ACCESSOIRES DIVERS MOTOS/AUTO","Oui","Oui",""
"IN301","CHAFT SHELL PLASTRON COMPLET M","KO","https://www.chaft.fr/fr/plastron/633-shell-plastron-complet.html?search_query=in302&results=1","1,491.67 Dh","1,790.00 Dh","000021","0.00","000021","","000000","","CHAFT","NOIR,GRIS","CHAFT","M","IN301","020.0 %","0.00","","3700355953019","","","7/10/2021","","Moto","ACCESSOIRES","ACCESSOIRES DIVERS MOTOS/AUTO","Oui","Oui",""
"IN300","CHAFT SHELL PLASTRON COMPLET S","KO","https://www.chaft.fr/fr/plastron/633-shell-plastron-complet.html?search_query=in302&results=1","1,491.67 Dh","1,790.00 Dh","000006","0.00","000006","","000000","","CHAFT","NOIR,GRIS","CHAFT","S","IN300","020.0 %","0.00","","3700355953002","","","7/10/2021","","Moto","ACCESSOIRES","ACCESSOIRES DIVERS MOTOS/AUTO","Oui","Oui",""
"390140500101","CHAFT SPYDERBELT2 30-N","https://www.dafy-moto.com/harnais-de-maintien-passager-spyder-belt-2-veector-noir.html","https://www.chaft.fr/fr/accessoires-protection/558-spyder-belt-2-3770008817029.html?search_query=ve04&results=1","825.00 Dh","990.00 Dh","000005","0.00","000005","","000000","","CHAFT","NOIR,GRIS","CHAFT","AJUSTABLE JUSQU'A XXL","VE04","020.0 %","0.00","","3770008817029","","","7/10/2021","","Pilote","ACCESSOIRES PILOTE","DIVERS ACCESSOIRES PILOTE","Oui","Oui",""
"097274199901","CHAFT SUPPORT RETRO IN160","https://www.dafy-moto.com/support-retroviseur-chaft-noir.html","https://www.chaft.fr/fr/accessoires/1012-support-de-retro-universel-diam-10-3700355951602.html?search_query=in160&results=1","132.50 Dh","159.00 Dh","000005","0.00","000005","","000000","","CHAFT","","CHAFT","","IN160","020.0 %","0.00","","3700355951602","","","7/10/2021","","Moto","ACCESSOIRES","RETROVISEURS ET ACCESS","Oui","Oui",""
"540026999901","CHAFT SUPPORTSMART IN1909","KO","https://www.chaft.fr/fr/support-pour-smartphone/1177-support-pour-smartphone-reglable-au-guidonchargeur-3701177239091.html?search_query=in1909&results=1","991.67 Dh","1,190.00 Dh","000010","0.00","000010","","000000","","CHAFT","","CHAFT","","IN1909","020.0 %","0.00","","3701177239091","","","7/10/2021","","Pilote","HIGH TECH","DIVERS HIGH TECH","Oui","Oui",""
"HA113","CHAFT SWEATERS PATRIOT BLEU L","https://www.dafy-moto.com/sweat-patriot-harisson-bleu.html","https://www.chaft.fr/fr/sweat/1045-sweaters-patriot.html?search_query=patriot&results=3#/1-taille-s/14-couleur-bleu","1,408.33 Dh","1,690.00 Dh","000002","0.00","000002","","000000","","CHAFT","BLEU","CHAFT","L","HA113","020.0 %","0.00","","3701177221133","","","7/10/2021","","Moto","ACCESSOIRES","ACCESSOIRES DIVERS MOTOS/AUTO","Oui","Oui",""
"HA112","CHAFT SWEATERS PATRIOT BLEU M","https://www.dafy-moto.com/sweat-patriot-harisson-bleu.html","https://www.chaft.fr/fr/sweat/1045-sweaters-patriot.html?search_query=patriot&results=3#/1-taille-s/14-couleur-bleu","1,408.33 Dh","1,690.00 Dh","000002","0.00","000002","","000000","","CHAFT","BLEU","CHAFT","M","HA112","020.0 %","0.00","","3701177221126","","","7/10/2021","","Moto","ACCESSOIRES","ACCESSOIRES DIVERS MOTOS/AUTO","Oui","Oui",""
"HA111","CHAFT SWEATERS PATRIOT BLEU S","https://www.dafy-moto.com/sweat-patriot-harisson-bleu.html","https://www.chaft.fr/fr/sweat/1045-sweaters-patriot.html?search_query=patriot&results=3#/1-taille-s/14-couleur-bleu","1,408.33 Dh","1,690.00 Dh","000002","0.00","000002","","000000","","CHAFT","BLEU","CHAFT","S","HA111","020.0 %","0.00","","3701177221119","","","7/10/2021","","Moto","ACCESSOIRES","ACCESSOIRES DIVERS MOTOS/AUTO","Oui","Oui",""
"HA114","CHAFT SWEATERS PATRIOT BLEU XL","https://www.dafy-moto.com/sweat-patriot-harisson-bleu.html","https://www.chaft.fr/fr/sweat/1045-sweaters-patriot.html?search_query=patriot&results=3#/1-taille-s/14-couleur-bleu","1,408.33 Dh","1,690.00 Dh","000002","0.00","000002","","000000","","CHAFT","BLEU","CHAFT","XL","HA114","020.0 %","0.00","","3701177221140","","","7/10/2021","","Moto","ACCESSOIRES","ACCESSOIRES DIVERS MOTOS/AUTO","Oui","Oui",""
"103139299901","CHAFT U HOM HARDEN 904M DIAM 19 (84*240)","KO","https://www.chaft.fr/fr/antivol-homologue/1072-u-homologue-harden-904m-diam-19-84x240-3700355913013.html?search_query=av301&results=1","825.00 Dh","990.00 Dh","000005","0.00","000005","","000000","","CHAFT","","CHAFT","","AV301","020.0 %","0.00","","3700355913013","","","7/10/2021","","Moto","ANTIVOLS","ANTIVOLS U","Oui","Oui",""
"103139199901","CHAFT U HOM HARDEN 904P DIAM 19 (84*90)","KO","https://www.chaft.fr/fr/antivol-homologue/1055-u-homologue-harden-904p-diam-19-84x90-3700355913006.html?search_query=av300&results=1","741.67 Dh","890.00 Dh","000005","0.00","000005","","000000","","CHAFT","","CHAFT","","AV300","020.0 %","0.00","","3700355913006","","","7/10/2021","","Moto","ANTIVOLS","ANTIVOLS U","Oui","Oui",""
"090596899901","CHAFT VALVES+TEM PRESSI","https://www.dafy-moto.com/bouchons-de-valves-avec-temoin-chaft.html","https://www.chaft.fr/fr/accessoires/1058-valves-avec-temoin-de-pression-3700355958809.html?search_query=in880&results=1","58.33 Dh","70.00 Dh","000025","0.00","000025","","000000","","CHAFT","","CHAFT","","IN880","020.0 %","0.00","","3700355958809","","","7/10/2021","","Moto","ACCESSOIRES","PIECES MEC/TECH DIVERSES","Oui","Oui",""
"HA322","CHAFT VESTE WEST SIDE BLEU/GRIS M","KO","https://www.chaft.fr/fr/nouveautes/1342-veste-west-side.html?search_query=west+side&results=1","1,408.33 Dh","1,690.00 Dh","000001","0.00","000001","","000000","","CHAFT","BLEU,GRIS","CHAFT","M","HA322","020.0 %","0.00","","3701177263225","","","7/10/2021","","Moto","ACCESSOIRES","ACCESSOIRES DIVERS MOTOS/AUTO","Oui","Oui",""
"HA321","CHAFT VESTE WEST SIDE BLEU/GRIS S","KO","https://www.chaft.fr/fr/nouveautes/1342-veste-west-side.html?search_query=west+side&results=1","1,408.33 Dh","1,690.00 Dh","000001","0.00","000001","","000000","","CHAFT","BLEU,GRIS","CHAFT","S","HA321","020.0 %","0.00","","3701177263218","","","7/10/2021","","Moto","ACCESSOIRES","ACCESSOIRES DIVERS MOTOS/AUTO","Oui","Oui",""
"HA324","CHAFT VESTE WEST SIDE BLEU/GRIS XL","KO","https://www.chaft.fr/fr/nouveautes/1342-veste-west-side.html?search_query=west+side&results=1","1,408.33 Dh","1,690.00 Dh","000001","0.00","000001","","000000","","CHAFT","BLEU,GRIS","CHAFT","XL","HA324","020.0 %","0.00","","3701177263249","","","7/10/2021","","Moto","ACCESSOIRES","ACCESSOIRES DIVERS MOTOS/AUTO","Oui","Oui",""
"HA325","CHAFT VESTE WEST SIDE BLEU/GRIS XXL","KO","https://www.chaft.fr/fr/nouveautes/1342-veste-west-side.html?search_query=west+side&results=1","1,408.33 Dh","1,690.00 Dh","000001","0.00","000001","","000000","","CHAFT","BLEU,GRIS","CHAFT","XXL","HA325","020.0 %","0.00","","3701177263256","","","7/10/2021","","Moto","ACCESSOIRES","ACCESSOIRES DIVERS MOTOS/AUTO","Oui","Oui",""
